id,name,host_id,host_name,neighbourhood_group,neighbourhood,latitude,longitude,room_type,price,minimum_nights,number_of_reviews,last_review,reviews_per_month,calculated_host_listings_count,availability_365
22772,Stay-Awhile  at Lovers Pt. Pacific Grv,87827,Amie,,Pacific Grove,36.62258,-121.9168,Entire home/apt,170,29,68,2016-08-01,0.52,1,55
41014,Ocean front 6-bedroom masterpiece,174738,Kirstie,,Pacific Grove,36.63242,-121.93791,Entire home/apt,1200,3,102,2021-02-23,0.86,1,14
44515,Pet-Friendly* Cottage Near Beach for 30+ day stays,195732,Erika & Blake,,Pacific Grove,36.62475,-121.93491,Entire home/apt,188,30,954,2021-01-31,7.44,1,105
1031734,"Top Rated,Ocean View,Spa,Fireplace",227482,Dan,,Pacific Grove,36.60324,-121.92723,Entire home/apt,350,30,236,2020-05-17,2.49,1,181
1721177,Ocean View Townhome at Lover's Pt.,9073236,Barb,,Pacific Grove,36.62367,-121.91559,Entire home/apt,225,30,249,2020-12-05,2.77,2,152
1721186,Beautiful Villa With Ocean View,9073236,Barb,,Pacific Grove,36.62455,-121.9166,Entire home/apt,372,1,208,2021-02-08,2.34,2,322
1909416,John Steinbeck's Cottage 30-Night Minimum Stay,5517174,Kevin & Vicky,,Pacific Grove,36.61458,-121.91033,Entire home/apt,100,30,218,2020-06-15,2.47,1,220
2118041,★ Queen Room/1 miles from beach/Free Aquarium pass,10752409,Michelle,,Pacific Grove,36.60452,-121.93114,Private room,65,30,284,2020-08-16,3.32,1,90
3029273,Modern Beach House,15429359,Jim,,Pacific Grove,36.63256,-121.92525,Private room,215,1,389,2020-11-15,4.91,1,293
3836973,Lovely House in Pacific Grove (Long term rental),19763195,Paul,,Pacific Grove,36.60527,-121.92805,Entire home/apt,264,30,469,2020-05-28,5.90,1,325
4162387,The Little Blue House,14299946,Joy,,Pacific Grove,36.62156,-121.92043,Entire home/apt,100,30,566,2020-05-04,7.39,3,242
4269074,760 Ocean View at Lovers Point Park,22162277,Grace,,Pacific Grove,36.62721,-121.91984,Entire home/apt,591,3,38,2020-10-26,0.50,1,298
4291804,"Casa Rustica, Walk to Aquarium,Cannery Row,Rest",12118997,Guita,,Pacific Grove,36.61565,-121.90903,Entire home/apt,185,30,52,2020-04-25,0.71,1,0
5185545,Peaceful Cozy Beach Cottage,21424068,Sarah,,Pacific Grove,36.63193,-121.92454,Entire home/apt,211,28,382,2020-10-04,5.24,1,170
5238711,"Penthouses Walk to Beach, 4 Aquarium Passes",14806795,Kristina,,Pacific Grove,36.61945,-121.91409,Entire home/apt,650,3,45,2021-02-15,0.66,2,304
5500336,Little Lighthouse — Ocean views & close to town!,18067665,"Jim,Stacey,Gary,Lynea,Amy&Michael",,Pacific Grove,36.61859,-121.91086,Entire home/apt,260,31,186,2021-01-31,2.56,2,290
5807126,Lighthouse Cottage—Ocean Views & Close to town,18067665,"Jim,Stacey,Gary,Lynea,Amy&Michael",,Pacific Grove,36.61955,-121.90999,Entire home/apt,360,31,286,2021-01-09,4.06,2,232
6646306,Peaceful Space near DLI + Cannery Row,33787736,Seth + Wendy,,Pacific Grove,36.61494,-121.91549,Private room,80,30,237,2021-01-31,3.41,1,47
6715036,Rustic Pacific Grove Cottage By The Sea (Lic 0443),35157242,Toni,,Pacific Grove,36.59976,-121.93263,Entire home/apt,225,2,29,2020-11-01,1.56,1,2
7126880,Charming Victorian in great locale,37329304,David,,Pacific Grove,36.62031,-121.92377,Entire home/apt,275,2,95,2020-02-17,1.40,1,333
7292129,"~Charming Cottage, Walk to town & Beaches~",14806795,Kristina,,Pacific Grove,36.62134,-121.92599,Entire home/apt,150,30,88,2020-04-15,1.31,2,293
7294289,Driftwood Cottage,14299946,Joy,,Pacific Grove,36.62143,-121.92013,Entire home/apt,85,31,127,2017-11-11,1.86,3,319
7462535,#JewelboxCottages*Courtyard*Firepit*Pergola*Grill*,8334086,Mel,,Pacific Grove,36.61617,-121.91343,Entire home/apt,229,30,126,2020-04-01,1.87,1,192
7836291,Victorian Retreat,41275685,Carol,,Pacific Grove,36.614,-121.91174,Private room,200,30,0,,,1,88
7842731,The Matcha House (monthly),41323269,Eddie & Miko,,Pacific Grove,36.60093,-121.9277,Entire home/apt,213,30,196,2020-07-31,2.91,1,119
8104325,Coastal Getaway for Family or Group,42790415,Kristy And Ed,,Pacific Grove,36.62939,-121.9307,Entire home/apt,331,30,125,2020-07-13,1.87,1,89
9155279,Breakers Room-Seven Gables Boutique Hotel,46785054,Seven Gables,,Pacific Grove,36.62372,-121.916,Private room,344,1,0,,,18,273
9187354,Victoria Room-Seven Gables Boutique Hotel,46785054,Seven Gables,,Pacific Grove,36.6249,-121.91585,Private room,344,1,1,2016-01-24,0.02,18,305
9187647,Fairmount Room-Seven Gables Boutique Hotel,46785054,Seven Gables,,Pacific Grove,36.62344,-121.915,Private room,274,1,3,2021-02-16,0.05,18,318
10204512,Gable Room - Seven Gables Boutique Hotel,46785054,Seven Gables,,Pacific Grove,36.62417,-121.91495,Private room,274,1,21,2021-01-31,0.33,18,0
11210583,Bungalow-by-the-Sea,58388459,Michele,,Pacific Grove,36.62399,-121.92089,Entire home/apt,375,3,108,2021-02-22,1.96,2,342
11256490,Historic Stylish Beach House,29370567,Wendi,,Pacific Grove,36.62154,-121.915,Entire home/apt,251,30,154,2020-03-03,2.57,1,365
11562419,Beautiful Home Beach/Forest Area,61071397,Richard,,Pacific Grove,36.62111,-121.92793,Entire home/apt,135,31,106,2020-07-21,1.84,1,335
12027823,1/2 Block to Ocean-Sea View Cottage: 2 Bedroom House - Seven Gables Boutique Hotel,46785054,Seven Gables,,Pacific Grove,36.62359,-121.91602,Entire home/apt,534,1,22,2021-01-31,0.40,18,262
12427317,Julia's Room-Seven Gables Boutique Hotel,46785054,Seven Gables,,Pacific Grove,36.62434,-121.91513,Private room,294,1,1,2016-08-09,0.02,18,302
13328382,Chautauqua Room - Seven Gables Boutique Hotel,46785054,Seven Gables,,Pacific Grove,36.62319,-121.91477,Private room,227,1,18,2020-12-06,0.33,18,343
13428610,Romantic Private  Master Suite & Gardens #0427,22933425,Jeanne,,Pacific Grove,36.63243,-121.92481,Private room,281,2,35,2021-02-15,0.62,1,263
13637173,Ocean Mist Room-Seven Gables Boutique Hotel,46785054,Seven Gables,,Pacific Grove,36.62463,-121.91429,Private room,344,1,2,2016-08-06,0.04,18,267
13768901,Quaint Pacific Grove/Pebble Beach,11486908,Elaine,,Pacific Grove,36.61561,-121.9253,Private room,117,1,510,2021-02-21,8.99,1,294
13902577,Charming Victorian Home Near Beach,82415359,Wilson,,Pacific Grove,36.62354,-121.91815,Entire home/apt,398,2,101,2021-02-20,1.82,1,69
14266085,Cottage Retreat Steps from the Sea,10851823,Viveca And Jim,,Pacific Grove,36.6217,-121.91318,Entire home/apt,282,1,327,2021-02-23,5.87,1,229
14388930,Guest House 5 minutes to Asilomar and Pebble Beach,14882503,Richard,,Pacific Grove,36.62395,-121.93423,Entire home/apt,195,3,53,2020-02-09,1.08,1,267
14403615,Dolphin House *30 day minimum stay* great location,88554111,Beverlee,,Pacific Grove,36.61825,-121.9118,Entire home/apt,135,30,116,2020-12-13,2.11,1,101
14539067,Pacific Grove/Pebble Beach/Monterey/Carmel,85355446,Dee,,Pacific Grove,36.62683,-121.93012,Entire home/apt,174,21,187,2020-11-30,3.39,1,73
15165034,No shared space! Private room/bathroom! PGLic#0405,35048383,Josh And Angi,,Pacific Grove,36.60395,-121.92732,Entire home/apt,84,1,550,2021-02-04,10.38,1,320
15649395,Central to Everything - Casa Mariposa,100986890,Jon & Julie,,Pacific Grove,36.61986,-121.92757,Entire home/apt,325,30,34,2020-01-03,0.67,1,272
15857785,Heart of PG Cottage,102767409,Joy,,Pacific Grove,36.61959,-121.91884,Entire home/apt,268,2,274,2020-11-29,5.28,1,278
15942471,Long Term: Comfortable Home Near Many Attractions,102438701,Lisa,,Pacific Grove,36.60003,-121.93263,Entire home/apt,179,30,66,2020-02-17,1.30,1,294
16476278,Ocean View At Lovers Point Mermaid Cottage #02204128,2360802,Sean Matthew,,Pacific Grove,36.62676,-121.91969,Entire home/apt,144,1,32,2020-12-01,0.64,2,189
16542967,"Lovers Point Beach House, Perfect Location #0125",99683621,Larry,,Pacific Grove,36.62506,-121.91754,Entire home/apt,559,3,36,2021-01-07,0.74,1,71
16884158,Ocean Front  on Ocean View Blvd,58271767,Evelyn,,Pacific Grove,36.6354,-121.9298,Entire home/apt,249,30,119,2021-01-29,2.52,1,212
16960425,Gorgeous View of Ocean and Golf Course,95005119,Rebecca,,Pacific Grove,36.63567,-121.9307,Entire home/apt,225,30,0,,,1,247
16999624,Adorable Sea House,694968,Dean,,Pacific Grove,36.62102,-121.90518,Entire home/apt,489,3,93,2020-12-04,1.98,1,181
17435310,Asilomar Ocean Retreat,49369780,Fatijah,,Pacific Grove,36.62071,-121.93473,Entire home/apt,419,30,22,2020-01-03,0.47,1,0
17642147,Rosie's View,120012255,Bryan And Rosie,,Pacific Grove,36.62665,-121.92102,Entire home/apt,289,2,176,2020-01-01,3.66,1,26
17810086,Rustic Redwood Retreat close to Asilomar Beach,121729134,Josephine,,Pacific Grove,36.60265,-121.93429,Entire home/apt,285,4,153,2020-07-14,3.21,1,150
18005937,"Spectacular Ocean Views, walk to Cannery Row",123129914,Lisa & Michael,,Pacific Grove,36.61916,-121.90929,Entire home/apt,750,2,23,2019-09-08,0.50,1,360
18731829,Monarch Garden Cottage (30 day rental),21807468,Suzanne,,Pacific Grove,36.61689,-121.90822,Entire home/apt,60,30,53,2021-01-31,1.15,1,10
18917071,Pacific Grove Post-Adobe Cozy Charmer 2/1 #0387,128301422,Carolyn,,Pacific Grove,36.60736,-121.92223,Entire home/apt,199,3,165,2021-02-21,3.61,2,131
19181667,Laurel Cottage,14299946,Joy,,Pacific Grove,36.62056,-121.92025,Entire home/apt,105,30,168,2020-11-07,3.73,3,173
19736001,Long term/month to month Cottage In Pacific Grove,1010770,Dolly,,Pacific Grove,36.61695,-121.92469,Entire home/apt,100,30,0,,,1,363
19789713,"Mermaid Beach House, Walk to Beach / Aquarium!",139737993,Tommy & Mallary,,Pacific Grove,36.62603,-121.91822,Entire home/apt,461,2,160,2021-02-21,3.69,1,283
20190642,Outback Bungalow,58388459,Michele,,Pacific Grove,36.623,-121.92042,Entire home/apt,325,3,112,2021-02-08,3.11,2,349
20229666,"3743 Nightly Rental ~ Walk to the Aquarium, the Beach & Downtown",140243627,Sanctuary Vacation Rentals,,Pacific Grove,36.61911,-121.90742,Entire home/apt,462,29,6,2020-11-21,0.25,31,282
20229669,"3746 The Guest House ~ Updated Interior, Walk to Town, Beach, Aquarium!",140243627,Sanctuary Vacation Rentals,,Pacific Grove,36.61896,-121.91018,Entire home/apt,186,29,6,2019-10-27,0.14,31,321
20229673,"3729 Ocean Park Sanctuary ~ Walk to Beach & Downtown, Updated Victorian House",140243627,Sanctuary Vacation Rentals,,Pacific Grove,36.6198,-121.92176,Entire home/apt,213,29,8,2020-02-23,0.20,31,242
20229676,"3709 Lover's Point Beach Retreat ~ Ocean Views, Steps to Lover's Point",140243627,Sanctuary Vacation Rentals,,Pacific Grove,36.62474,-121.91791,Entire home/apt,173,29,2,2018-10-08,0.06,31,213
20229689,3704 Ship's Watch ~ Walk to Town! Charming Historic House!,140243627,Sanctuary Vacation Rentals,,Pacific Grove,36.62101,-121.92076,Entire home/apt,216,29,16,2020-03-12,0.34,31,0
20229692,"3723 Casa Mar ~ Convenient Central Location, Updated Pacific Grove Home",140243627,Sanctuary Vacation Rentals,,Pacific Grove,36.60299,-121.93342,Entire home/apt,186,29,4,2020-01-04,0.09,31,0
20229693,"3715 - Bliss by the Sea ~  Close to the Beach, Trails & the Aquarium!",140243627,Sanctuary Vacation Rentals,,Pacific Grove,36.61735,-121.90976,Entire home/apt,206,29,7,2020-03-10,0.15,31,0
20229697,3717 Butterfly Landing ~ Large Oak Tree Lot with Bay View ~ Walk to Town,140243627,Sanctuary Vacation Rentals,,Pacific Grove,36.61389,-121.91977,Entire home/apt,222,29,3,2019-07-26,0.13,31,133
20229698,3703 La Gloria Cottage-by-the-Sea ~ Walk to the Beach and Downtown!,140243627,Sanctuary Vacation Rentals,,Pacific Grove,36.62244,-121.91983,Entire home/apt,284,29,6,2019-12-08,0.16,31,300
20229699,3612 Storybook Cottage ~ Updated Vintage Cottage! Walk to Downtown!,140243627,Sanctuary Vacation Rentals,,Pacific Grove,36.6169,-121.91213,Entire home/apt,208,29,3,2018-12-27,0.06,31,0
20229704,"3602 Seadance ~ Oceanfront, Amazing Views, Mid-Century Modern",140243627,Sanctuary Vacation Rentals,,Pacific Grove,36.63548,-121.92543,Entire home/apt,286,29,3,2018-10-03,0.08,31,0
20229711,3263 Nightly Rental ~ Almost Oceanfront! Walk to Aquarium & Cannery Row!,140243627,Sanctuary Vacation Rentals,,Pacific Grove,36.61925,-121.90806,Entire home/apt,526,29,10,2020-08-23,0.23,31,314
20229712,3646 Seashore Retreat ~ Walk to the Beach! Designer Decor!,140243627,Sanctuary Vacation Rentals,,Pacific Grove,36.62117,-121.91537,Entire home/apt,221,29,0,,,31,124
20229714,3573 Nightly Rental ~ Stunning Ocean Views! Historic House!,140243627,Sanctuary Vacation Rentals,,Pacific Grove,36.61984,-121.91136,Entire home/apt,744,29,12,2021-01-07,0.27,31,0
20229715,3509 Seabreeze ~ Walk to the Beach! Artist's Home! Plush Beds! Designer Décor,140243627,Sanctuary Vacation Rentals,,Pacific Grove,36.61592,-121.9302,Entire home/apt,197,29,2,2019-11-18,0.12,31,220
20229716,"3554 Otter's Rest ~ Ocean Views, Gourmet Kitchen, Hot Tub, 1 Block to the Sea",140243627,Sanctuary Vacation Rentals,,Pacific Grove,36.63378,-121.92503,Entire home/apt,284,29,7,2020-02-13,0.23,31,65
20268378,Casa Terraza-Private space in prime location! 0426,134165553,Larry,,Pacific Grove,36.61775,-121.90861,Private room,113,2,238,2021-02-21,5.64,1,27
20404083,3096 Sanctuary by the Bay ~ Almost Oceanfront! Walk to Aquarium & Cannery Row,140243627,Sanctuary Vacation Rentals,,Pacific Grove,36.62031,-121.90682,Entire home/apt,248,29,9,2019-03-27,0.23,31,0
20404856,"Entire Flat, quiet, upstairs , 2 blocks from ocean",2044999,Hillary,,Pacific Grove,36.63185,-121.92443,Entire home/apt,89,29,13,2021-01-06,0.36,1,296
20741678,"3112 Lighthouse Sanctuary ~ Beautiful Spacious Home, Separate Guest Unit",140243627,Sanctuary Vacation Rentals,,Pacific Grove,36.62525,-121.92628,Entire home/apt,305,29,3,2021-01-05,0.07,31,333
21142337,Explore Monterey Marine Life from a Pacific Grove House,19759469,Lee,,Pacific Grove,36.62239,-121.92156,Entire home/apt,300,14,111,2021-02-02,2.71,1,245
21981955,Sunset Inn Pacific Grove,160495920,Rishi,,Pacific Grove,36.62961,-121.93379,Hotel room,156,1,251,2020-12-19,6.37,1,360
22048463,"""Pacific Jewel"" Close to Ocean, Golf, Spas Restaurants & Shops",161014914,MaryJane,,Pacific Grove,36.62893,-121.9299,Entire home/apt,423,30,40,2020-01-03,0.96,4,0
22178195,"Pacific Petra Suite
(PG License # 0420)",162016726,George And/Or Laila,,Pacific Grove,36.62072,-121.91554,Entire home/apt,228,1,213,2021-02-21,5.51,1,79
22359257,Fairlawn Room - Seven Gables Boutique Hotel,46785054,Seven Gables,,Pacific Grove,36.62341,-121.91617,Private room,224,1,62,2021-02-26,1.79,18,304
22359614,Bellevue Room - Seven Gables Boutique Hotel,46785054,Seven Gables,,Pacific Grove,36.6234,-121.91647,Private room,344,1,3,2021-01-10,0.08,18,291
22666758,"Ocean View Cozy Adobe 2 bed/1 bath 
(Lic #0403)",128301422,Carolyn,,Pacific Grove,36.60718,-121.92246,Entire home/apt,210,3,144,2021-02-24,3.88,2,167
22728696,"3730 Anchors Away ~ Spectacular Oceanfront Location, Steps from Bay and Trail",140243627,Sanctuary Vacation Rentals,,Pacific Grove,36.63424,-121.92724,Entire home/apt,270,29,3,2020-02-10,0.13,31,91
22728976,"3745 Sea Dream ~ Walk to Ocean, Downtown, Aquarium! Mid-Century Decor",140243627,Sanctuary Vacation Rentals,,Pacific Grove,36.61725,-121.90802,Entire home/apt,351,29,8,2020-05-25,0.35,31,363
22747634,"3759 Pacific Grove Retreat ~ Walk to Aquarium, Cannery Row and Downtown!",140243627,Sanctuary Vacation Rentals,,Pacific Grove,36.61786,-121.90945,Entire home/apt,173,29,1,2019-01-05,0.04,31,254
23768786,Mermaid Crossing,110664679,Rhonda,,Pacific Grove,36.62695,-121.91939,Entire home/apt,482,1,82,2021-02-22,2.34,1,219
24059256,Forest Home on 1/4  Acre,181127429,Joseph And Tamara,,Pacific Grove,36.62017,-121.93109,Entire home/apt,146,30,90,2021-01-04,2.53,2,282
25281531,Rosedale Inn & Suites - King Suite,190984125,Rosedale Inn & Suites,,Pacific Grove,36.61887,-121.93519,Hotel room,210,1,31,2020-09-18,0.96,2,8
26192700,Rocky Shores Room - Seven Gables Boutique Hotel,46785054,Seven Gables,,Pacific Grove,36.62292,-121.91443,Private room,344,1,5,2020-08-14,0.16,18,308
26197786,Stevenson Room -Seven Gables Boutique Hotel,46785054,Seven Gables,,Pacific Grove,36.62416,-121.91599,Private room,244,1,7,2021-01-03,0.22,18,334
26197911,Garden Room - Seven Gables Boutique Hotel,46785054,Seven Gables,,Pacific Grove,36.62271,-121.91575,Private room,227,1,35,2021-02-21,1.24,18,296
26198274,1/2 Block to Ocean-Jewell Cottage: 2 Bedroom House - Seven Gables Boutique Hotel,46785054,Seven Gables,,Pacific Grove,36.62425,-121.9167,Entire home/apt,564,1,9,2021-01-17,0.64,18,233
26198464,Mayfair Room - Seven Gables Boutique Hotel,46785054,Seven Gables,,Pacific Grove,36.62285,-121.91596,Private room,277,1,3,2020-12-27,0.40,18,333
26468647,Sallie’s Cottage,43389940,Elizabeth,,Pacific Grove,36.62174,-121.92063,Entire home/apt,398,2,161,2021-01-01,4.98,1,82
27744008,360 OCEAN VIEW AND GOLF COURSE LUXURY VILLA: LX14,2360802,Sean Matthew,,Pacific Grove,36.63095,-121.93632,Entire home/apt,1586,1,3,2020-11-22,0.41,2,277
31169667,Spectacular Award Winning Ocean Front 2 Bed 2 Bath,62428944,Jane,,Pacific Grove,36.61941,-121.90752,Entire home/apt,546,2,117,2021-02-15,4.51,1,250
31721314,Very clean room Short walk to beach and downtown,237911024,Mary,,Pacific Grove,36.61854,-121.91346,Private room,50,31,0,,,1,173
32237119,3118 Nightly Rental - Almost Oceanfront! Walk to Aquarium & Cannery Row!,140243627,Sanctuary Vacation Rentals,,Pacific Grove,36.61967,-121.90811,Entire home/apt,879,29,3,2020-09-07,0.39,31,293
32649188,"Luxury Condo, Panoramic Views - Monthly Rental",277159978,Kathryn,,Pacific Grove,36.61927,-121.91138,Entire home/apt,650,31,0,,,1,173
33203240,Oceanfront Getaway With Aquarium Passes,86518241,Kevin,,Pacific Grove,36.6207,-121.90648,Entire home/apt,218,29,0,,,3,365
33396484,Standard King Room,190984125,Rosedale Inn & Suites,,Pacific Grove,36.62107,-121.9364,Hotel room,190,1,14,2020-09-06,0.82,2,89
34573780,China Point Room - Seven Gables Boutique Hotel,46785054,Seven Gables,,Pacific Grove,36.62364,-121.91607,Private room,247,1,3,2021-02-22,0.18,18,339
34652464,Charming Villa in Pacific Grove (sleeps 6),247822961,Sheryl,,Pacific Grove,36.62865,-121.93112,Entire home/apt,195,3,1,2019-05-26,0.05,1,0
34743496,Pebble Beach adjacent charm,262021476,Debby,,Pacific Grove,36.61833,-121.93269,Private room,450,1,0,,,1,87
35283248,Pacific Grove Free Standing Studio,265252392,Steven,,Pacific Grove,36.61669,-121.92378,Entire home/apt,135,30,1,2019-11-15,0.06,1,180
35930695,Pine Acres Lodge - Studio,266041351,VacayHome,,Pacific Grove,36.62981,-121.93072,Entire home/apt,147,2,0,,,2,0
35930773,Pine Acres Lodge - 1 Bedroom,266041351,VacayHome,,Pacific Grove,36.62904,-121.93095,Entire home/apt,105,2,0,,,2,0
35950153,BLOCKS FROM OCEAN -COZY QUEEN-A GETAWAY FOR TWO,270423498,Pacific,,Pacific Grove,36.61867,-121.91911,Hotel room,82,1,335,2021-02-21,16.72,11,359
36006241,WALK TO OCEAN from our Premium KING BED ROOMS,270423498,Pacific,,Pacific Grove,36.61867,-121.91911,Hotel room,88,1,141,2021-02-21,7.04,11,358
36006645,TEENY View of OCEAN-WALK to OCEAN - KING BEDROOM,270423498,Pacific,,Pacific Grove,36.61867,-121.91911,Hotel room,95,1,63,2021-01-10,3.14,11,364
36007109,CROSS Ocean View from Balcony-RELAX-QUEEN BEDROOM,270423498,Pacific,,Pacific Grove,36.61867,-121.91911,Hotel room,97,1,74,2021-02-19,3.72,11,355
36007581,WALK TO OCEAN- Queen bed with BONUS TWIN BED:),270423498,Pacific,,Pacific Grove,36.62012,-121.91887,Hotel room,95,1,117,2021-02-23,6.20,11,340
36008146,Blocks from Ocean - KING BEDROOM SUITE,270423498,Pacific,,Pacific Grove,36.61867,-121.91911,Hotel room,91,1,60,2021-02-21,3.02,11,359
36045923,"Ocean Views,ROMANTIC QUEEN BEDROOM",270423498,Pacific,,Pacific Grove,36.61867,-121.91911,Hotel room,101,1,16,2020-12-06,0.81,11,360
36046495,"AMAZING OCEAN VIEWS - QUEEN, TWIN & LIVING ROOM",270423498,Pacific,,Pacific Grove,36.61867,-121.91911,Hotel room,115,1,59,2021-02-18,2.95,11,351
36046892,"WALK TO OCEAN, KING WITH TWO TWINS",270423498,Pacific,,Pacific Grove,36.61867,-121.91911,Hotel room,113,1,94,2021-02-25,4.68,11,351
36644442,Walking Distance to Beach and Monterey Bay,161014914,MaryJane,,Pacific Grove,36.63279,-121.92794,Entire home/apt,212,30,1,2021-02-10,1,4,169
36851255,4 bedroom condo located blocks from everything,267059548,Ryan,,Pacific Grove,36.62061,-121.91856,Entire home/apt,486,2,3,2019-11-26,0.18,2,269
37393583,3119 Yellow House Guest Suite ~ Almost Oceanfront! Walk to Aquarium & Cannery,140243627,Sanctuary Vacation Rentals,,Pacific Grove,36.62072,-121.90827,Entire home/apt,184,29,0,,,31,363
37393944,"3747 Bungalow by-the-Sea ~ Charming Home with Garage, Walk to Town & Beach!",140243627,Sanctuary Vacation Rentals,,Pacific Grove,36.62487,-121.92675,Entire home/apt,168,29,0,,,31,207
37393987,3760 Pacific Grove Retreat Guest Suite ~ Walk Everywhere Location,140243627,Sanctuary Vacation Rentals,,Pacific Grove,36.6179,-121.9081,Entire home/apt,71,29,0,,,31,175
37394045,3779 Sea Otter House ~ Designer Remodel! Bay View!,140243627,Sanctuary Vacation Rentals,,Pacific Grove,36.6185,-121.91225,Entire home/apt,246,29,0,,,31,1
38539935,3792 Nightly Rental ~ Lovingly Restored Victorian! Walk Everywhere!,140243627,Sanctuary Vacation Rentals,,Pacific Grove,36.62259,-121.92046,Entire home/apt,551,29,6,2021-01-31,0.37,31,333
39002089,Beauty blocks from the ocean,267059548,Ryan,,Pacific Grove,36.61836,-121.90925,Entire home/apt,250,2,21,2020-11-29,1.23,2,120
39130725,Victorian Queen,300084599,Ricardo,,Pacific Grove,36.61799,-121.90927,Entire home/apt,89,30,2,2020-03-14,0.13,1,180
39131210,"La Piccola Casa ""The Little House""   Lic. # 0446",299581636,Joe,,Pacific Grove,36.62173,-121.91854,Entire home/apt,332,2,41,2021-02-22,2.44,1,138
39537770,Otters Cove/30 Day Rental-2 Aquarium Passes,303782959,Charleen,,Pacific Grove,36.61592,-121.91463,Entire home/apt,300,30,0,,,1,363
40032768,3788 Nightly Rental ~ Walk to Downtown and the Beach!,140243627,Sanctuary Vacation Rentals,,Pacific Grove,36.61909,-121.91813,Entire home/apt,551,29,1,2021-02-15,1,31,329
40825261,Pacific Grove plaza - C 7,69588791,Christine,,Pacific Grove,36.62158,-121.91821,Entire home/apt,200,3,0,,,1,0
41156259,New! Historic Victorian Cottage Steps to Ocean!,46858016,Anne,,Pacific Grove,36.62361,-121.91584,Entire home/apt,525,7,3,2021-01-06,0.73,1,109
41857390,Duplex Historic House Near Ocean,270423498,Pacific,,Pacific Grove,36.61867,-121.91911,Entire home/apt,632,1,6,2021-02-21,0.78,11,348
42430037,"3801 Pacific Grove Cottage ~ Charming, Well-Equipped Home Away From Home",140243627,Sanctuary Vacation Rentals,,Pacific Grove,36.61907,-121.92103,Entire home/apt,192,29,0,,,31,0
42559514,Unobstructed views of surf and sunsets,51346216,Linda,,Pacific Grove,36.62439,-121.93899,Entire home/apt,125,30,1,2020-11-23,0.31,1,357
42561512,Queen Bed with Bunk bed,270423498,Pacific,,Pacific Grove,36.61828,-121.9182,Private room,111,1,13,2021-02-14,1.47,11,358
42738685,Butterfly Grove Inn,309782774,Butterfly Grove Inn,,Pacific Grove,36.62645,-121.92993,Hotel room,0,1,0,,,1,0
42738724,Monterey Peninsula Inn,310705290,Monterey Peninsula Inn,,Pacific Grove,36.62867,-121.93044,Hotel room,0,1,0,,,1,0
43087236,Furnished Monthly Rental - Beautiful Pacific Grove,86518241,Kevin,,Pacific Grove,36.61657,-121.92155,Entire home/apt,84,1,0,,,3,0
43389516,Restored Home In Downtown Pacific Grove|Furnished,86518241,Kevin,,Pacific Grove,36.62071,-121.91945,Entire home/apt,142,1,0,,,3,250
43580733,Private Stand-alone Cottages near Ocean & Beach,347917130,Erna,,Pacific Grove,36.62256,-121.91821,Private room,263,1,19,2021-02-21,3.68,5,336
43605439,Lovers Loft with Ocean View,347917130,Erna,,Pacific Grove,36.62256,-121.91821,Private room,233,1,2,2021-01-18,0.30,5,335
43743300,Victorian Premier Queen Room near Ocean & Beach,365813790,Front,,Pacific Grove,36.62256,-121.91821,Private room,113,1,146,2021-02-22,17.18,1,336
43757076,Two Twin beds in a National Historic Victorian Inn,347917130,Erna,,Pacific Grove,36.62256,-121.91821,Private room,133,1,7,2021-01-17,0.96,5,335
43820284,"Garden Room ""Honeymoon Suite"" near Lover's Point",347917130,Erna,,Pacific Grove,36.62256,-121.91821,Private room,283,1,1,2020-09-03,0.17,5,328
43820333,King Suite with partial horizon ocean view,347917130,Erna,,Pacific Grove,36.62256,-121.91821,Private room,288,1,0,,,5,331
44048009,Lovely Forest Home on One Acre in Pacific Grove,181127429,Joseph And Tamara,,Pacific Grove,36.61921,-121.93212,Entire home/apt,125,30,0,,,2,212
44522800,Pacific Grove's Charming Compass Rose Cottage,4591051,Dave & Lee,,Pacific Grove,36.63204,-121.92254,Entire home/apt,161,30,1,2020-12-13,0.38,1,285
44556471,Spectacular Views - Walk to Cannery Row and the Aquarium,161014914,MaryJane,,Pacific Grove,36.61699,-121.90621,Entire home/apt,244,30,0,,,4,315
44808129,Sweet Polly's Place - 4 Minute Walk to Cannery Row,362440360,Karen,,Pacific Grove,36.61693,-121.90532,Entire home/apt,65,30,1,2020-12-07,0.36,1,122
45113988,Updated Three bedroom  Pacific Grove home,161014914,MaryJane,,Pacific Grove,36.61399,-121.91703,Entire home/apt,243,30,0,,,4,181
45223205,Wonderful Monterey Cottage - Close to everything!,89221142,Anthony J,,Pacific Grove,36.61233,-121.91504,Entire home/apt,156,30,1,2020-10-31,0.25,1,242
45285433,Historic “Hadley House” at the beach.,44462086,Meg,,Pacific Grove,36.62382,-121.91721,Entire home/apt,125,30,2,2021-02-03,0.82,1,153
45710558,Evans Place-4 Minute Walk to Monterey Bay Aquarium,359484123,Dennis,,Pacific Grove,36.61781,-121.90594,Entire home/apt,120,30,1,2021-01-27,0.91,1,0
45928538,Seagull House with views from Sunrise to Sunset,4622744,Ahnalisa,,Pacific Grove,36.62032,-121.91821,Entire home/apt,506,2,4,2021-01-23,0.90,1,300
46158048,Unique location just steps to Cannery Row,373981342,Ryan,,Pacific Grove,36.61803,-121.90366,Entire home/apt,659,2,10,2021-02-19,3.23,2,274
46177502,Gorgeous Compound! Steps to Cannery row & Aquarium,373981342,Ryan,,Pacific Grove,36.6189,-121.90424,Entire home/apt,1000,2,1,2021-01-31,1,2,249
46454838,Cool studio in a historic building.,64966396,Sarah,,Pacific Grove,36.62128,-121.91839,Entire home/apt,95,30,0,,,1,169
46561318,3812 Nightly Rental ~ Charming Historical Home Just Steps to the Coast Trail!,140243627,Sanctuary Vacation Rentals,,Pacific Grove,36.62142,-121.91193,Entire home/apt,551,29,1,2021-02-21,1,31,283
46574275,"Pacific Grove Classic, corner lot, fenced yard",5272935,Mary Ann,,Pacific Grove,36.62383,-121.92613,Entire home/apt,125,30,0,,,1,194
47812234,3813 New Nightly Rental Located at Lovers Point! Just Steps to the Beach!,140243627,Sanctuary Vacation Rentals,,Pacific Grove,36.62445,-121.91735,Entire home/apt,680,29,1,2021-02-01,1,31,308
48185087,Seal Rocks Room-Seven Gables Boutique Hotel,46785054,Seven Gables,,Pacific Grove,36.62364,-121.91627,Private room,235,1,0,,,18,263
48281357,Seascape Room-Seven Gables Boutique Hotel,46785054,Seven Gables,,Pacific Grove,36.62362,-121.91501,Private room,274,1,0,,,18,300
